"Date","AmmoniaasN","AmmoniaasN_Qual","ArsenicasAs","ArsenicasAs_Qual","CadmiumasCd","CadmiumasCd_Qual","ChromiumasCr","ChromiumasCr_Qual","Colour","Colour_Qual","Conductivity","Conductivity_Qual","CopperasCu","CopperasCu_Qual","DissolvedOxygenppm","DissolvedOxygenppm_Qual","FieldpH","FieldpH_Qual","FilteredReactivePhosphorus","FilteredReactivePhosphorus_Qual","KjeldahlNitrogen","KjeldahlNitrogen_Qual","LeadasPb","LeadasPb_Qual","MercuryasHg","MercuryasHg_Qual","NickelasNi","NickelasNi_Qual","NitrateNitriteasN","NitrateNitriteasN_Qual","TotalPhosphorus","TotalPhosphorus_Qual","TotalSuspendedSolids","TotalSuspendedSolids_Qual","Turbidity","Turbidity_Qual","WaterTemperature","WaterTemperature_Qual","ZincasZn","ZincasZn_Qual"
"07:30:00 17/10/2017",NA,NA,0.001,1,2e-04,1,0.001,1,24,1,335,1,0.001,1,9.7,1,7.1,1,0.004,1,0.19,1,0.001,1,1e-04,1,0.001,1,0.14,1,0.01,1,2,1,6.4,1,12.5,1,0.005,1
"07:45:00 16/11/2011",NA,NA,0.001,1,2e-04,1,0.002,1,64,1,260,1,0.001,1,9.4,1,7.3,1,0.006,1,0.37,1,0.001,1,1e-04,1,0.003,1,0.31,1,0.029,1,14,1,24,1,15,1,0.002,1
"07:45:00 21/03/2017",NA,NA,0.001,1,2e-04,1,0.001,1,40,1,426,1,0.001,1,8.3,1,7.1,1,0.016,1,0.27,1,0.001,1,1e-04,1,0.001,1,0.15,1,0.023,1,NA,NA,8,1,18,1,0.001,1
"07:50:00 14/12/2006",NA,NA,0.001,65,2e-04,65,0.001,65,35,65,477,65,0.001,65,7.4,65,7,65,0.003,65,0.38,65,0.001,65,1e-04,65,0.003,65,0.04,65,0.01,65,3,65,4.6,65,14.9,65,0.002,65
"07:50:00 17/11/2010",NA,NA,0.001,1,2e-04,1,0.002,1,50,1,329,1,0.001,1,10.2,1,7.1,1,0.004,1,0.35,1,0.001,1,1e-04,1,0.003,1,0.19,1,0.026,1,6,1,17.1,1,12.3,1,0.002,1
"07:55:00 20/02/2007",NA,NA,0.001,65,2e-04,65,0.001,65,55,65,552,65,0.001,65,5.5,65,6.9,65,0.01,65,0.38,65,0.001,65,1e-04,65,0.003,65,0.13,65,0.01,65,5,65,NA,NA,20.5,65,0.002,65
"08:00:00 10/03/2010",NA,NA,0.001,1,1e-04,1,0.001,1,93,1,360.8,1,0.001,1,9.1,1,7.1,1,0.004,1,0.37,1,0.001,1,2e-04,1,0.004,1,0.115,1,0.033,1,13,1,31,1,14,1,0.002,1
"08:00:00 17/01/2017",NA,NA,0.001,1,2e-04,1,0.001,1,56,1,391,1,0.001,1,8.5,1,7.3,1,0.012,1,0.31,1,0.001,1,1e-04,1,0.002,1,0.1,1,0.017,1,NA,NA,7.5,1,18,1,0.001,1
"08:00:00 22/10/2013",NA,NA,0.001,1,2e-04,1,0.001,1,50,1,295,1,0.001,1,10.1,1,7.2,1,0.003,1,0.2,1,0.001,1,1e-04,1,0.002,1,0.25,1,0.016,1,3,1,11.9,1,13,1,0.002,1
"08:00:00 23/02/2017",NA,NA,0.001,1,2e-04,1,0.001,1,50,1,378,1,0.001,1,8.4,1,7.2,1,0.006,1,0.28,1,0.001,1,1e-04,1,0.002,1,0.085,1,0.013,1,3,1,12.5,1,15,1,0.003,1
"08:00:00 26/09/2012",NA,NA,NA,NA,NA,NA,NA,NA,NA,180,NA,180,NA,NA,NA,180,NA,180,NA,NA,NA,NA,NA,NA,NA,NA,NA,NA,NA,NA,NA,NA,NA,NA,NA,180,NA,180,NA,NA
"08:05:00 12/12/2017",NA,NA,0.001,1,2e-04,1,0.001,1,56,1,303,1,0.001,1,8.9,1,7.5,1,0.005,1,0.31,1,0.001,1,1e-04,1,0.002,1,0.32,1,0.027,1,4,1,12.5,1,16,1,0.001,1
"08:10:00 21/10/2014",NA,NA,0.001,1,2e-04,1,0.001,1,45,1,305,1,0.001,1,10.6,1,7.3,1,0.003,1,0.21,1,0.001,1,1e-04,1,0.002,1,0.26,1,0.019,1,5,1,12,1,12,1,0.002,1
"08:10:00 21/11/2017",NA,NA,0.001,1,2e-04,1,0.001,1,36,1,377,1,0.001,1,8.6,1,7.5,1,0.004,1,0.31,1,0.001,1,1e-04,1,0.002,1,0.14,1,0.019,1,4,1,9.2,1,17,1,0.001,1
"08:10:00 22/01/2014",NA,NA,0.001,1,2e-04,1,0.001,1,50,1,385,1,0.001,1,8.3,1,7.5,1,0.003,1,0.34,1,0.001,1,1e-04,1,0.002,1,0.11,1,0.025,1,10,1,12.8,1,17,1,0.002,1
"08:15:00 26/10/2011",NA,NA,0.001,1,2e-04,1,0.002,1,70,1,320,1,0.001,1,10.6,1,7.3,1,0.01,1,0.36,1,0.001,1,1e-04,1,0.003,1,0.3,1,0.028,1,6,1,24,1,11.5,1,0.004,1
"08:20:00 06/12/2007",NA,NA,0.001,65,2e-04,65,0.001,65,80,65,323,65,0.002,65,8.4,65,7.5,65,0.003,65,0.2,65,0.001,65,1e-04,65,0.003,65,0.12,65,0.01,65,5,65,10,65,16.4,65,0.005,65
"08:20:00 15/12/2015",NA,NA,0.001,1,2e-04,1,0.001,1,40,1,372,1,0.001,1,9.7,1,7.4,1,0.007,1,0.21,1,0.001,1,1e-04,1,0.002,1,0.11,1,0.015,1,2,1,6.6,1,16.5,1,0.001,1
"08:25:00 17/06/2009",NA,NA,0.001,65,2e-04,65,0.001,65,25,65,422,65,0.001,65,11.1,65,7.3,65,0.003,65,0.25,65,0.001,65,1e-04,65,0.001,65,0.18,65,0.008,65,3,65,6.1,65,5.5,65,0.002,65
"08:30:00 11/12/2019",NA,NA,0.001,1,2e-04,1,0.001,1,40,1,377,1,0.001,1,8.58,1,7.37,1,0.003,1,0.35,1,0.001,1,1e-04,1,0.002,1,0.11,1,0.02,1,2,1,10.4,1,15.3,1,0.003,1
"08:30:00 12/02/2020",NA,NA,0.001,1,2e-04,1,0.001,1,80,1,436,1,0.001,1,8.24,1,7.34,1,0.006,1,0.51,1,0.001,1,1e-04,1,0.003,1,0.2,1,0.033,1,4,1,15.9,1,18.5,1,0.001,1
"08:30:00 13/12/2016",NA,NA,0.001,1,2e-04,1,0.001,1,48,1,302,1,0.001,1,10,1,7.4,1,0.014,1,0.27,1,0.001,1,1e-04,1,0.001,1,0.14,1,0.014,1,NA,NA,9.3,1,16.5,1,0.001,1
"08:30:00 16/06/2010",NA,NA,0.001,1,1e-04,1,0.001,1,45,1,175,1,0.001,1,12.1,1,7.2,1,0.001,1,0.29,1,0.001,1,1e-04,1,0.002,1,0.38,1,0.005,1,8,1,16.7,1,4,1,0.006,1
"08:30:00 19/06/2008",NA,NA,0.001,65,2e-04,65,0.001,65,20,65,389,65,0.001,65,10.7,65,7.1,65,0.003,65,0.2,65,0.001,65,1e-04,65,0.002,65,0.28,65,0.01,65,4,65,9.1,65,8,65,0.004,65
"08:30:00 20/04/2010",NA,NA,0.001,1,1e-04,1,0.001,1,50,1,340.2,1,0.001,1,9.3,1,7.2,1,0.006,1,0.18,1,0.001,1,1e-04,1,0.001,1,0.154,1,0.026,1,4,1,12.4,1,14.2,1,0.002,1
"08:30:00 23/11/2016",NA,NA,0.001,1,2e-04,1,0.001,1,64,1,295,1,0.001,1,10.1,1,7.3,1,0.008,1,0.33,1,0.001,1,1e-04,1,0.002,1,0.21,1,0.022,1,NA,NA,15.5,1,13.5,1,0.003,1
"08:33:00 26/09/2017",NA,NA,0.001,1,2e-04,1,0.002,1,32,1,276,1,0.001,1,11.9,1,7.2,1,0.004,1,0.23,1,0.001,1,1e-04,1,0.003,1,0.24,1,0.015,1,4,1,10.8,1,9.5,1,0.005,1
"08:35:00 20/02/2008",NA,NA,0.001,65,2e-04,65,0.001,65,45,65,389,65,0.002,65,6.5,65,7.3,65,0.003,65,0.37,65,0.001,65,1e-04,65,0.003,65,0.11,65,0.03,65,11,65,14.8,65,18.9,65,0.01,65
"08:35:00 20/10/2009",NA,NA,0.001,1,1e-04,1,0.001,1,50,1,276.6,1,0.001,1,11.2,1,7.3,1,0.007,1,0.28,1,0.001,1,1e-04,1,0.003,1,0.344,1,0.009,1,2,1,15.9,1,10.5,1,0.003,1
"08:35:00 20/12/2004",NA,NA,0.001,65,2e-04,65,0.003,65,60,65,250,65,0.001,65,9.6,65,7.5,65,0.004,65,0.35,65,0.001,65,1e-04,65,0.004,65,0.38,65,0.02,65,4,65,16,65,14.6,65,0.006,65
"08:40:00 22/04/2009",NA,NA,0.001,65,2e-04,65,0.001,65,40,65,401,65,0.001,65,11.4,65,7.4,65,0.003,65,0.21,65,0.001,65,1e-04,65,0.002,65,0.05,65,0.01,65,2,65,4.3,65,10.5,65,0.002,65
"08:40:00 25/05/2017",NA,NA,0.001,1,2e-04,1,0.001,1,16,1,580,1,0.001,1,9.7,1,7.1,1,0.007,1,0.11,1,0.001,1,1e-04,1,0.001,1,0.2,1,0.009,1,2,1,5.3,1,9.5,1,0.001,1
"08:45:00 21/05/2009",NA,NA,0.001,65,2e-04,65,0.001,65,28,65,396,65,0.001,65,10.3,65,7.2,65,0.003,65,0.18,65,0.001,65,1e-04,65,0.002,65,0.1,65,0.02,65,2,65,4.3,65,7,65,0.002,65
"08:45:00 22/02/2012",NA,NA,0.001,1,2e-04,1,0.001,1,60,1,359,1,0.001,1,8.2,1,7.1,1,0.004,1,0.33,1,0.001,1,1e-04,1,0.002,1,0.2,1,0.02,1,5,1,14.8,1,15.9,1,0.003,1
"08:50:00 21/08/2013",NA,NA,0.001,1,2e-04,1,0.006,1,70,1,292,1,0.002,1,11.6,1,7.1,1,0.003,1,0.36,1,0.001,1,1e-04,1,0.004,1,0.46,1,0.031,1,4,1,25,1,7.5,1,0.002,1
"08:50:00 22/07/2014",NA,NA,0.001,1,2e-04,1,0.004,1,55,1,235,1,0.001,1,12,1,7.2,1,0.003,1,0.28,1,0.001,1,1e-04,1,0.003,1,0.6,1,0.027,1,8,1,18,1,6,1,0.003,1
"08:55:00 12/03/2008",NA,NA,0.001,65,2e-04,65,0.001,65,30,65,635,65,0.001,65,7.2,65,6.5,65,0.003,65,0.33,65,0.001,65,1e-04,65,0.002,65,0.1,65,0.01,65,8,65,12.8,65,16.7,65,0.008,65
"08:55:00 15/11/2004",NA,NA,0.001,65,2e-04,65,0.007,65,120,65,210,65,0.003,65,10.7,65,6.1,65,0.003,65,0.57,65,0.001,65,1e-04,65,0.005,65,0.6,65,0.03,65,16,65,35,65,13.2,65,0.005,65
"09:00:00 15/08/2012",NA,NA,0.001,1,2e-04,1,0.002,1,44,1,310,1,0.001,1,11.7,1,7.4,1,0.003,1,0.21,1,0.001,1,1e-04,1,0.002,1,0.51,1,0.016,1,2,1,13.8,1,7.5,1,0.002,1
"09:00:00 18/05/2011",NA,NA,0.001,1,2e-04,1,0.002,1,60,1,365,1,0.004,1,11.1,1,7,1,0.003,1,0.32,1,0.001,1,1e-04,1,0.003,1,0.45,1,0.024,1,4,1,15.8,1,8.5,1,0.004,1
"09:00:00 20/04/2017",NA,NA,0.001,1,2e-04,1,0.001,1,32,1,405,1,0.001,1,9.7,1,7,1,0.004,1,0.15,1,0.001,1,1e-04,1,0.001,1,0.18,1,0.012,1,3,1,7,1,12,1,0.001,1
"09:00:00 22/05/2013",NA,NA,0.001,1,2e-04,1,0.001,1,35,1,445,1,0.001,1,11.2,1,7.2,1,0.003,1,0.2,1,0.001,1,1e-04,1,0.002,1,0.24,1,0.018,1,4,1,8.4,1,7,1,0.001,1
"09:10:00 13/11/2007",NA,NA,0.001,65,2e-04,65,0.003,65,58,65,271,65,0.002,65,10.9,65,6.7,65,0.003,65,0.36,65,0.001,65,1e-04,65,0.004,65,0.29,65,0.01,65,4,65,12.7,65,14.3,65,0.006,65
"09:10:00 16/05/2012",NA,NA,0.001,1,2e-04,1,0.001,1,55,1,355,1,0.001,1,11.2,1,6.8,1,0.003,1,0.26,1,0.001,1,1e-04,1,0.002,1,0.34,1,0.019,1,4,1,15.2,1,9.5,1,0.003,1
"09:10:00 23/08/2017",NA,NA,0.001,1,2e-04,1,0.002,1,32,1,319,1,0.001,1,11.5,1,7.3,1,0.003,1,0.17,1,0.001,1,1e-04,1,0.002,1,0.69,1,0.017,1,3,1,11.9,1,6.5,1,0.009,1
"09:15:00 20/07/2017",NA,NA,0.001,1,2e-04,1,0.001,1,20,1,427,1,0.001,1,11.6,1,7.1,1,0.006,1,0.15,1,0.001,1,1e-04,1,0.001,1,0.29,1,0.014,1,2,1,5.8,1,6.5,1,0.003,1
"09:20:00 15/06/2016",NA,NA,0.002,1,2e-04,1,0.001,1,24,1,406,1,0.001,1,13.3,1,5,1,0.003,1,0.2,1,0.001,1,1e-04,1,0.001,1,0.44,1,0.054,1,NA,NA,7.2,1,5,1,0.024,1
"09:20:00 16/01/2007",NA,NA,0.001,65,2e-04,65,0.001,65,45,65,497,65,0.003,65,5.6,65,6.8,65,0.003,65,0.48,65,0.001,65,1e-04,65,0.005,65,0.1,65,0.03,65,6,65,7.3,65,19.3,65,0.009,65
"09:20:00 23/10/2018",NA,NA,0.001,1,2e-04,1,0.001,1,35,1,389,1,0.001,1,9.6,1,7.5,1,0.003,1,0.31,1,0.001,1,1e-04,1,0.002,1,0.21,1,0.017,1,2,1,6.1,1,12.7,1,0.001,1
"09:25:00 20/11/2018",NA,NA,0.001,1,2e-04,1,0.001,1,40,1,399,1,0.001,1,8.47,1,7.5,1,0.004,1,0.27,1,0.001,1,1e-04,1,0.002,1,0.22,1,0.022,1,2,1,5.6,1,16.3,1,0.003,1
"09:30:00 08/01/2020",NA,NA,0.001,1,2e-04,1,0.001,1,50,1,448,1,0.001,1,8.42,1,7.37,1,0.004,1,0.41,1,0.001,1,1e-04,1,0.003,1,0.11,1,0.023,1,10,1,7.3,1,17.5,1,0.001,1
"09:30:00 11/03/2020",NA,NA,0.001,1,2e-04,1,0.001,1,50,1,368,1,0.17,1,9.2,1,7.12,1,0.003,1,0.34,1,0.001,1,1e-04,1,0.029,1,0.16,1,0.026,1,10,1,13,1,14.9,1,0.006,1
"09:30:00 16/04/2019",NA,NA,0.001,1,2e-04,1,0.001,1,30,1,469,1,0.001,1,8.67,1,7.34,1,0.003,1,0.26,1,0.001,1,1e-04,1,0.001,1,0.097,1,0.017,1,2,1,6.3,1,13.9,1,0.001,1
"09:30:00 17/11/2015",NA,NA,0.001,1,2e-04,1,0.001,1,36,1,360,1,0.001,1,9.8,1,7.1,1,0.006,1,0.22,1,0.001,1,1e-04,1,0.001,1,0.18,1,0.016,1,3,1,8.7,1,15.5,1,0.001,1
"09:30:00 17/12/2013",NA,NA,0.001,1,2e-04,1,0.001,1,60,1,302,1,0.001,1,9.6,1,7.6,1,0.003,1,0.23,1,0.001,1,1e-04,1,0.002,1,0.17,1,0.027,1,2,1,9.9,1,16,1,0.001,1
"09:30:00 17/12/2020",NA,NA,0.001,1,2e-04,1,0.001,1,45,1,323,1,0.001,1,8.54,1,7.42,1,0.004,1,0.31,1,0.001,1,1e-04,1,0.001,1,0.18,1,0.028,1,4,1,11.7,1,17.9,1,0.001,1
"09:30:00 18/12/2018",NA,NA,0.001,1,2e-04,1,0.001,1,60,1,372,1,0.001,1,8.2,1,7.53,1,0.003,1,0.34,1,0.001,1,1e-04,1,0.002,1,0.17,1,0.02,1,2,1,5.9,1,17.7,1,0.002,1
"09:30:00 20/01/2021",NA,NA,NA,NA,NA,NA,NA,NA,NA,NA,355,1,NA,NA,9.7,1,7.35,1,NA,NA,NA,NA,NA,NA,NA,NA,NA,NA,NA,NA,NA,NA,NA,NA,8.6,1,13.5,1,NA,NA
"09:30:00 21/12/2011",NA,NA,0.001,1,2e-04,1,0.001,1,60,1,309,1,0.001,1,9.4,1,7.5,1,0.004,1,0.28,1,0.001,1,1e-04,1,0.003,1,0.24,1,0.021,1,2,1,17.6,1,16.5,1,0.003,1
"09:30:00 29/07/2009",NA,NA,0.001,1,1e-04,1,0.001,1,30,1,592.3,1,0.001,1,12.3,1,7,1,0.014,1,0.13,1,0.001,1,1e-04,1,0.001,1,0.225,1,0.013,1,1,1,6.5,1,8,1,0.006,1
"09:35:00 12/04/2005",NA,NA,0.001,65,2e-04,65,0.001,65,35,65,357,65,0.001,65,11.7,65,7.2,65,0.003,65,0.21,65,0.001,65,1e-04,65,0.002,65,0.19,65,0.01,65,1,65,3.3,65,NA,NA,0.003,65
"09:35:00 19/03/2019",NA,NA,0.001,1,2e-04,1,0.001,1,50,1,501,1,0.001,1,7.9,1,7.4,1,0.003,1,0.33,1,0.001,1,1e-04,1,0.001,1,0.049,1,0.005,1,2,1,5,1,18.3,1,0.001,1
"09:35:00 20/03/2018",NA,NA,0.001,1,2e-04,1,0.001,1,40,1,473,1,0.001,1,8.5,1,7.4,1,0.007,1,0.3,1,0.001,1,1e-04,1,0.001,1,0.12,1,0.022,1,5,1,8.4,1,15.5,1,0.001,1
"09:35:00 30/03/2005",NA,NA,0.001,65,2e-04,65,0.001,65,30,65,340,65,0.001,65,9.9,65,6.9,65,0.003,65,0.19,65,0.001,65,1e-04,65,0.002,65,0.23,65,0.01,65,1,65,4.3,65,12.7,65,0.003,65
"09:45:00 17/05/2005",NA,NA,0.001,65,2e-04,65,0.001,65,25,65,374,65,0.005,65,10.6,65,6.9,65,0.003,65,0.16,65,0.001,65,1e-04,65,0.002,65,0.25,65,0.01,65,1,65,3.2,65,NA,NA,0.007,65
"09:47:00 17/04/2018",NA,NA,0.001,1,2e-04,1,0.001,1,32,1,411,1,0.001,1,9.1,1,7.6,1,0.005,1,0.26,1,0.001,1,1e-04,1,0.002,1,0.11,1,0.015,1,2,1,6.8,1,13,1,0.001,1
"09:50:00 20/02/2018",NA,NA,0.001,1,2e-04,1,0.001,1,32,1,450,1,0.001,1,8.4,1,7.4,1,0.013,1,0.31,1,0.001,1,1e-04,1,0.002,1,0.09,1,0.025,1,7,1,8.5,1,16,1,0.003,1
"09:55:00 14/10/2020",NA,NA,0.001,1,2e-04,1,0.001,1,50,1,299,1,0.001,1,10.45,1,7.5,1,0.006,1,0.09,1,0.001,1,1e-04,1,0.002,1,0.29,1,0.018,1,4,1,11.7,1,12.7,1,0.001,1
"09:55:00 17/06/2020",NA,NA,0.001,1,2e-04,1,0.001,1,35,1,333,1,0.001,1,11.3,1,7.5,1,0.006,1,0.18,1,0.001,1,1e-04,1,0.001,1,0.22,1,0.012,1,2,1,8.4,1,9.1,1,0.001,1
"10:00:00 09/01/2018",NA,NA,0.001,1,2e-04,1,0.001,1,40,1,371,1,0.001,1,8,1,7.4,1,0.008,1,0.3,1,0.001,1,1e-04,1,0.001,1,0.19,1,0.023,1,3,1,8.7,1,20.5,1,0.001,1
"10:00:00 15/12/2010",NA,NA,0.001,1,2e-04,1,0.001,1,72,1,290,1,0.001,1,9.4,1,7.3,1,0.003,1,0.34,1,0.001,1,1e-04,1,0.003,1,0.27,1,0.016,1,3,1,17.5,1,17.5,1,0.003,1
"10:00:00 16/06/2015",NA,NA,0.001,1,2e-04,1,0.001,1,25,1,347,1,0.001,1,12.4,1,7.3,1,0.003,1,0.14,1,0.001,1,1e-04,1,0.001,1,0.29,1,0.008,1,2,1,7.3,1,8,1,0.001,1
"10:00:00 16/10/2008",NA,NA,0.001,65,2e-04,65,0.001,65,32,65,485,65,0.001,65,10.1,65,7.3,65,0.003,65,0.25,65,0.001,65,1e-04,65,0.002,65,0.16,65,0.02,65,4,65,7.7,65,11,65,0.002,65
"10:00:00 18/07/2012",NA,NA,0.001,1,2e-04,1,0.001,1,40,1,330,1,0.001,1,11,1,7.2,1,0.003,1,0.2,1,0.001,1,1e-04,1,0.002,1,0.55,1,0.015,1,4,1,12.8,1,7.5,1,0.003,1
"10:00:00 18/08/2015",NA,NA,0.001,1,2e-04,1,0.001,1,24,1,280,1,0.001,1,12.7,1,7.3,1,0.003,1,0.12,1,0.001,1,1e-04,1,0.001,1,0.09,1,0.01,1,4,1,98,1,7.5,1,0.002,1
"10:00:00 19/01/2010",NA,NA,0.001,1,1e-04,1,0.001,1,124,1,379.8,1,0.001,1,9.3,1,7.1,1,0.014,1,0.26,1,0.001,1,1e-04,1,0.004,1,0.101,1,0.032,1,10,1,18.8,1,14,1,0.003,1
"10:00:00 19/01/2011",NA,NA,0.001,1,2e-04,1,0.001,1,60,1,350,1,0.001,1,9.1,1,7.3,1,0.003,1,0.39,1,0.001,1,1e-04,1,0.003,1,0.18,1,0.03,1,5,1,13.4,1,16.5,1,0.006,1
"10:00:00 19/11/2019",NA,NA,0.001,1,2e-04,1,0.001,1,40,1,329,1,0.001,1,9.9,1,7.3,1,0.004,1,0.28,1,0.001,1,1e-04,1,0.001,1,0.21,1,0.018,1,2,1,7.8,1,14.1,1,0.001,1
"10:00:00 28/06/2005",NA,NA,0.001,65,2e-04,65,0.001,65,25,65,421,65,0.001,65,12.1,65,6.9,65,0.003,65,0.16,65,0.001,65,1e-04,65,0.002,65,0.3,65,0.01,65,2,65,3.8,65,NA,NA,0.004,65
"10:03:00 09/01/2008",NA,NA,0.001,65,2e-04,65,0.001,65,50,65,359,65,0.001,65,7,65,7.1,65,0.003,65,0.28,65,0.001,65,1e-04,65,0.003,65,0.06,65,0.02,65,6,65,10.1,65,19.4,65,0.004,65
"10:05:00 01/12/2005",NA,NA,0.001,65,2e-04,65,0.004,65,120,65,345,65,0.004,65,9.2,65,7,65,0.003,65,0.52,65,0.001,65,2e-04,65,0.005,65,0.36,65,0.03,65,4,65,26,65,NA,NA,0.007,65
"10:07:00 02/11/2005",NA,NA,0.001,65,2e-04,65,0.001,65,35,65,332,65,0.001,65,9.1,65,7.2,65,0.003,65,0.29,65,0.001,65,1e-04,65,0.002,65,0.2,65,0.01,65,2,65,6.9,65,NA,NA,0.007,65
"10:10:00 14/01/2009",NA,NA,0.001,65,2e-04,65,0.001,65,36,65,331,65,0.001,65,8.2,65,7.3,65,0.003,65,0.35,65,0.001,65,1e-04,65,0.002,65,0.12,65,0.02,65,8,65,12.3,65,18.5,65,0.003,65
"10:10:00 15/03/2006",NA,NA,0.001,65,2e-04,65,0.001,65,60,65,443,65,0.06,65,7.7,65,7.1,65,0.009,65,0.26,65,0.001,65,1e-04,65,0.003,65,0.16,65,0.008,65,4,65,12,65,15.4,65,0.004,65
"10:10:00 19/02/2019",NA,NA,0.001,1,2e-04,1,0.001,1,40,1,482,1,0.001,1,6.81,1,7.28,1,0.004,1,0.34,1,0.001,1,1e-04,1,0.003,1,0.055,1,0.02,1,7,1,8.9,1,17.7,1,0.001,1
"10:15:00 15/04/2020",NA,NA,0.001,1,2e-04,1,0.001,1,40,1,367,1,0.001,1,10.11,1,7.54,1,0.003,1,0.23,1,0.001,1,1e-04,1,0.002,1,0.23,1,0.021,1,2,1,9.5,1,12.8,1,0.001,1
"10:15:00 15/10/2019",NA,NA,0.001,1,2e-04,1,0.001,1,45,1,326,1,0.001,1,10.1,1,7.42,1,0.003,1,0.23,1,0.001,1,1e-04,1,0.002,1,0.16,1,0.013,1,2,1,7.5,1,12.8,1,0.002,1
"10:15:00 17/01/2005",NA,NA,0.001,65,2e-04,65,0.001,65,45,65,320,65,0.001,65,10.9,65,7.3,65,0.003,65,0.3,65,0.001,65,1e-04,65,0.002,65,0.22,65,0.02,65,2,65,8.9,65,15.9,65,0.006,65
"10:15:00 28/11/2006",NA,NA,0.001,65,2e-04,65,0.001,65,40,65,419,65,0.007,65,7.6,65,7.2,65,0.003,65,0.36,65,0.001,65,1e-04,65,0.002,65,0.12,65,0.01,65,2,65,5.6,65,15.6,65,0.004,65
"10:20:00 21/03/2013",NA,NA,0.001,1,2e-04,1,0.001,1,45,1,182,1,0.001,1,10,1,7.3,1,0.003,1,0.23,1,0.001,1,1e-04,1,0.002,1,0.12,1,0.013,1,4,1,9.3,1,15.5,1,0.002,1
"10:25:00 17/11/2003",NA,NA,0.001,65,2e-04,65,0.002,65,80,65,270,65,0.003,65,10.9,65,7.5,65,0.003,65,0.39,65,0.001,65,1e-04,65,0.003,65,0.42,65,0.02,65,1,65,NA,NA,16.2,65,0.003,65
"10:25:00 25/08/2003",NA,NA,0.001,65,2e-04,65,0.01,65,120,65,340,65,0.004,65,11.2,65,7.6,65,0.003,65,1.1,65,0.002,65,1e-04,65,0.01,65,0.67,65,0.12,65,55,65,NA,NA,8.1,65,0.01,65
"10:30:00 14/09/2006",NA,NA,0.001,65,2e-04,65,0.001,65,35,65,359,65,0.002,65,11.2,65,7.2,65,0.003,65,0.18,65,0.001,65,1e-04,65,0.002,65,0.32,65,0.01,65,1,65,7.3,65,9,65,0.01,65
"10:30:00 15/09/2020",NA,NA,0.001,1,2e-04,1,0.001,1,35,1,280,1,0.001,1,11.13,1,7.5,1,0.007,1,0.12,1,0.001,1,1e-04,1,0.001,1,0.43,1,0.018,1,2,1,11.1,1,11.1,1,0.001,1
"10:30:00 17/04/2013",NA,NA,0.001,1,2e-04,1,0.001,1,40,1,375,1,0.001,1,10.5,1,7.2,1,0.003,1,0.26,1,0.001,1,1e-04,1,0.002,1,0.14,1,0.018,1,2,1,8.9,1,12.5,1,0.002,1
"10:30:00 17/07/2018",NA,NA,0.001,1,2e-04,1,0.001,1,25,1,360,1,0.001,1,11.5,1,7.3,1,0.004,1,0.22,1,0.001,1,1e-04,1,0.001,1,0.28,1,0.012,1,2,1,7.6,1,5.5,1,0.001,1
"10:30:00 19/08/2019",NA,NA,0.001,1,2e-04,1,0.002,1,45,1,332,1,0.001,1,11.41,1,7.38,1,0.003,1,0.23,1,0.001,1,1e-04,1,0.002,1,0.47,1,0.029,1,7,1,16.4,1,7.7,1,0.003,1
"10:30:00 20/07/2011",NA,NA,0.001,1,2e-04,1,0.009,1,90,1,270,1,0.003,1,11.4,1,7.2,1,0.006,1,0.69,1,0.001,1,1e-04,1,0.007,1,0.43,1,0.077,1,40,1,85,1,9,1,0.007,1
"10:30:00 21/02/2005",NA,NA,0.001,65,2e-04,65,0.002,65,45,65,270,65,0.006,65,NA,NA,7.4,65,0.003,65,0.29,65,0.001,65,1e-04,65,0.003,65,0.36,65,0.01,65,4,65,13,65,16.1,65,0.006,65
"10:35:00 12/08/2020",NA,NA,0.001,1,2e-04,1,0.002,1,50,1,253,1,0.002,1,11.29,1,7.8,1,0.004,1,0.25,1,0.001,1,1e-04,1,0.003,1,0.72,1,0.033,1,12,1,24,1,8.7,1,0.003,1
"10:40:00 16/07/2019",NA,NA,0.001,1,2e-04,1,0.002,1,100,1,462,1,0.001,1,11.3,1,7.32,1,0.003,1,0.28,1,0.001,1,1e-04,1,0.003,1,1.7,1,0.033,1,9,1,21,1,9.1,1,0.004,1
"10:40:00 18/01/2012",NA,NA,0.001,1,2e-04,1,0.001,1,70,1,325,1,0.001,1,9.6,1,7.5,1,0.004,1,0.3,1,0.001,1,1e-04,1,0.002,1,0.15,1,0.019,1,4,1,16.2,1,19.5,1,0.004,1
"10:40:00 23/09/2010",NA,NA,0.001,1,2e-04,1,0.001,1,40,1,312,1,0.001,1,11.4,1,7.4,1,0.003,1,0.23,1,0.001,1,1e-04,1,0.002,1,0.24,1,0.022,1,4,1,13.5,1,11,1,0.005,1
"10:45:00 19/04/2016",NA,NA,0.001,1,2e-04,1,0.001,1,35,1,406,1,0.001,1,9.4,1,7.3,1,0.005,1,0.18,1,0.001,1,1e-04,1,0.001,1,0.17,1,0.012,1,NA,NA,6.8,1,13,1,0.002,1
"10:45:00 22/01/2019",NA,NA,0.001,1,2e-04,1,0.001,1,60,1,528,1,0.001,1,6.11,1,7.23,1,0.003,1,0.43,1,0.001,1,1e-04,1,0.002,1,0.049,1,0.029,1,5,1,6.2,1,22.8,1,0.005,1
"10:46:00 23/05/2018",NA,NA,0.001,1,2e-04,1,0.001,1,48,1,401,1,0.001,1,9.8,1,7.52,1,0.008,1,0.29,1,0.001,1,1e-04,1,0.002,1,0.19,1,0.017,1,6,1,8.4,1,12.5,1,0.003,1
"10:50:00 16/09/2009",NA,NA,0.001,1,1e-04,1,0.001,1,35,1,357.7,1,0.001,1,8,1,7,1,0.008,1,0.07,1,0.001,1,1e-04,1,0.002,1,0.326,1,0.017,1,2,1,8.8,1,8.5,1,0.002,1
"10:50:00 18/06/2019",NA,NA,0.001,1,2e-04,1,0.001,1,18,1,599,1,0.001,1,11.5,1,7.5,1,0.003,1,0.25,1,0.001,1,1e-04,1,0.001,1,0.27,1,0.011,1,2,1,5.5,1,7.2,1,0.001,1
"10:50:00 18/11/2020",NA,NA,0.001,1,2e-04,1,0.001,1,50,1,280,1,0.001,1,9.85,1,7.6,1,0.004,1,0.28,1,0.001,1,1e-04,1,0.002,1,0.2,1,0.03,1,6,1,9.8,1,14.9,1,0.001,1
"10:50:00 20/03/2014",NA,NA,0.001,1,2e-04,1,0.002,1,50,1,387,1,0.001,1,9.4,1,7.4,1,0.003,1,0.41,1,0.001,1,1e-04,1,0.003,1,0.11,1,0.052,1,22,1,16.6,1,15.5,1,0.018,1
"10:50:00 20/11/2014",NA,NA,0.001,1,2e-04,1,0.001,1,50,1,309,1,0.001,1,10,1,7.3,1,0.003,1,0.21,1,0.001,1,1e-04,1,0.001,1,0.25,1,0.01,1,2,1,15,1,16.5,1,0.001,1
"10:50:00 22/03/2004",NA,NA,0.001,65,2e-04,65,0.001,65,30,65,440,65,0.002,65,8.6,65,6.7,65,0.009,65,0.32,65,0.001,65,1e-04,65,0.002,65,0.17,65,0.02,65,9,65,13,65,14,65,0.005,65
"10:50:00 29/12/2003",NA,NA,0.001,65,2e-04,65,0.001,65,70,65,330,65,0.003,65,9.2,65,7.6,65,0.003,65,0.46,65,0.001,65,1e-04,65,0.003,65,0.24,65,0.03,65,1,65,NA,NA,19.3,65,0.007,65
"10:55:00 07/05/2008",NA,NA,0.001,65,2e-04,65,0.001,65,30,65,377,65,0.002,65,10.5,65,7.2,65,0.003,65,0.2,65,0.001,65,1e-04,65,0.003,65,0.14,65,0.007,65,3,65,6.7,65,10.8,65,0.003,65
"11:00:00 14/07/2020",NA,NA,0.001,1,2e-04,1,0.004,1,90,1,255,1,0.002,1,11.19,1,7.38,1,0.004,1,0.62,1,0.001,1,1e-04,1,0.005,1,0.79,1,0.13,1,51,1,71,1,9.8,1,0.009,1
"11:00:00 17/02/2010",NA,NA,0.001,1,1e-04,1,0.002,1,120,1,365.9,1,0.002,1,9,1,7.2,1,0.005,1,0.44,1,0.001,1,1e-04,1,0.004,1,0.222,1,0.028,1,9,1,33,1,17,1,0.005,1
"11:00:00 17/03/2015",NA,NA,0.001,1,2e-04,1,0.001,1,35,1,376,1,0.001,1,10.6,1,7.3,1,0.003,1,0.26,1,0.001,1,1e-04,1,0.001,1,0.13,1,0.018,1,8,1,12.8,1,15,1,0.001,1
"11:00:00 18/02/2009",NA,NA,0.001,65,2e-04,65,0.001,65,60,65,462,65,0.002,65,6.9,65,7.3,65,0.004,65,0.52,65,0.001,65,1e-04,65,0.003,65,0.02,65,0.04,65,4,65,8.7,65,18,65,0.004,65
"11:05:00 18/08/2010",NA,NA,0.001,1,2e-04,1,0.004,1,80,1,315,1,0.002,1,11.1,1,7.2,1,0.003,1,0.4,1,0.001,1,1e-04,1,0.003,1,0.54,1,0.036,1,10,1,29,1,7.5,1,0.005,1
"11:06:00 14/06/2006",NA,NA,0.001,65,2e-04,65,0.001,65,25,65,423,65,0.002,65,15.5,65,7.2,65,0.003,65,0.18,65,0.001,65,1e-04,65,0.002,65,0.24,65,0.006,65,1,65,4.2,65,6.9,65,0.004,65
"11:09:00 22/06/2017",NA,NA,0.001,1,2e-04,1,0.001,1,20,1,423,1,0.001,1,11.3,1,7.1,1,0.006,1,0.13,1,0.001,1,1e-04,1,0.001,1,0.29,1,0.01,1,2,1,6.4,1,8.3,1,0.003,1
"11:10:00 11/09/2018",NA,NA,0.001,1,2e-04,1,0.001,1,30,1,347,1,0.001,1,10.8,1,7.4,1,0.003,1,0.19,1,0.001,1,1e-04,1,0.001,1,0.28,1,0.011,1,2,1,8.4,1,10,1,0.001,1
"11:10:00 19/02/2013",NA,NA,0.001,1,2e-04,1,0.001,1,45,1,507,1,0.001,1,7.8,1,7.2,1,0.005,1,0.26,1,0.001,1,1e-04,1,0.002,1,0.088,1,0.019,1,4,1,8.8,1,19,1,0.001,1
"11:10:00 19/07/2016",NA,NA,0.001,1,2e-04,1,0.001,1,40,1,291,1,0.001,1,10.8,1,7.1,1,0.009,1,0.2,1,0.001,1,1e-04,1,0.002,1,0.48,1,0.012,1,NA,NA,9.5,1,9,1,0.001,1
"11:10:00 19/09/2007",NA,NA,0.001,65,2e-04,65,0.003,65,50,65,315,65,0.002,65,11.9,65,6.8,65,0.003,65,0.33,65,0.001,65,1e-04,65,0.003,65,0.3,65,0.03,65,4,65,12.9,65,8.9,65,0.004,65
"11:10:00 21/01/2015",NA,NA,0.002,1,2e-04,1,0.001,1,60,1,317,1,0.002,1,9.3,1,7.4,1,0.003,1,0.24,1,0.001,1,1e-04,1,0.002,1,0.084,1,0.025,1,2,1,8.8,1,19.5,1,0.001,1
"11:10:00 27/01/2004",NA,NA,0.001,65,2e-04,65,0.001,65,50,65,450,65,0.003,65,8.5,65,7.4,65,0.003,65,0.42,65,0.001,65,1e-04,65,0.003,65,0.13,65,0.02,65,6,65,8.9,65,17.7,65,0.006,65
"11:13:00 22/09/2003",NA,NA,0.001,65,2e-04,65,0.001,65,40,65,390,65,0.001,65,10.6,65,7.4,65,0.008,65,0.25,65,0.001,65,1e-04,65,0.002,65,0.25,65,0.01,65,4,65,NA,NA,10.2,65,0.004,65
"11:15:00 08/08/2007",NA,NA,0.001,65,2e-04,65,0.001,65,40,65,320,65,0.002,65,12.4,65,7.3,65,0.003,65,0.2,65,0.001,65,1e-04,65,0.002,65,0.45,65,0.02,65,4,65,12.2,65,8.5,65,0.006,65
"11:15:00 19/06/2018",NA,NA,0.001,1,2e-04,1,0.003,1,64,1,435,1,0.001,1,10.8,1,7.4,1,0.005,1,0.28,1,0.001,1,1e-04,1,0.002,1,0.34,1,0.024,1,5,1,26,1,7.5,1,0.002,1
"11:20:00 09/08/2005",NA,NA,0.001,65,2e-04,65,0.001,65,35,65,391,65,0.001,65,11.3,65,7.2,65,0.003,65,0.22,65,0.001,65,1e-04,65,0.001,65,0.4,65,0.01,65,2,65,6.8,65,NA,NA,0.002,65
"11:20:00 18/08/2016",NA,NA,0.001,1,2e-04,1,0.001,1,32,1,303,1,0.001,1,12.4,1,7.2,1,0.004,1,0.16,1,0.001,1,1e-04,1,0.001,1,0.36,1,0.01,1,NA,NA,8.1,1,8.5,1,0.002,1
"11:20:00 20/04/2011",NA,NA,0.001,1,2e-04,1,0.001,1,50,1,300,1,0.001,1,10.3,1,7.3,1,0.003,1,0.26,1,0.001,1,1e-04,1,0.002,1,0.35,1,0.015,1,4,1,10.1,1,12,1,0.004,1
"11:20:00 24/09/2019",NA,NA,0.001,1,2e-04,1,0.001,1,50,1,278,1,0.001,1,11.33,1,7.43,1,0.003,1,0.18,1,0.001,1,1e-04,1,0.002,1,0.37,1,0.017,1,4,1,8.1,1,11.1,1,0.001,1
"11:25:00 14/09/2005",NA,NA,0.001,65,2e-04,65,0.003,65,80,65,331,65,0.003,65,10.8,65,7.3,65,0.003,65,0.34,65,0.001,65,1e-04,65,0.003,65,0.32,65,0.02,65,3,65,14,65,NA,NA,0.003,65
"11:30:00 12/05/2020",NA,NA,0.001,1,2e-04,1,0.001,1,50,1,301,1,0.001,1,11.33,1,7.55,1,0.005,1,0.24,1,0.001,1,1e-04,1,0.002,1,0.3,1,0.018,1,2,1,12.2,1,9.5,1,0.001,1
"11:30:00 19/04/2012",NA,NA,0.001,1,2e-04,1,0.001,1,44,1,371,1,0.001,1,9.7,1,7.4,1,0.005,1,0.2,1,0.001,1,1e-04,1,0.002,1,0.29,1,0.012,1,4,1,9.6,1,15.5,1,0.002,1
"11:30:00 25/07/2006",NA,NA,0.001,65,2e-04,65,0.002,65,35,65,384,65,0.001,65,11.7,65,7.3,65,0.003,65,0.38,65,0.001,65,1e-04,65,0.003,65,0.55,65,0.01,65,8,65,22,65,8.4,65,0.006,65
"11:30:00 25/08/2008",NA,NA,0.001,65,2e-04,65,0.001,65,45,65,533,65,0.001,65,11.1,65,7.2,65,0.003,65,0.28,65,0.001,65,1e-04,65,0.002,65,0.55,65,0.02,65,3,65,17.1,65,7,65,0.003,65
"11:35:00 21/05/2019",NA,NA,0.001,1,2e-04,1,0.001,1,20,1,463,1,0.001,1,10.91,1,7.51,1,0.003,1,0.14,1,0.001,1,1e-04,1,0.001,1,0.2,1,0.008,1,2,1,2.6,1,9,1,0.002,1
"11:40:00 15/08/2006",NA,NA,0.001,65,2e-04,65,0.001,65,25,65,367,65,0.001,65,12.2,65,7.1,65,0.003,65,0.2,65,0.001,65,1e-04,65,0.002,65,0.34,65,0.005,65,1,65,4.9,65,7.2,65,0.004,65
"11:40:00 17/02/2015",NA,NA,0.001,1,2e-04,1,0.001,1,60,1,366,1,0.001,1,9.1,1,7.3,1,0.003,1,0.35,1,0.001,1,1e-04,1,0.002,1,0.19,1,0.02,1,5,1,12.4,1,18,1,0.001,1
"11:40:00 21/03/2012",NA,NA,0.001,1,2e-04,1,0.001,1,60,1,340,1,0.001,1,9.9,1,7.4,1,0.004,1,0.3,1,0.001,1,1e-04,1,0.002,1,0.24,1,0.024,1,6,1,12.8,1,14.5,1,0.002,1
"11:40:00 22/07/2008",NA,NA,0.001,65,2e-04,65,0.001,65,36,65,399,65,0.001,65,10.5,65,7.1,65,0.003,65,0.22,65,0.001,65,1e-04,65,0.003,65,0.34,65,0.02,65,2,65,8.5,65,6.8,65,0.01,65
"11:45:00 23/02/2004",NA,NA,0.001,65,2e-04,65,0.001,65,45,65,420,65,0.001,65,9.1,65,6.5,65,0.003,65,0.33,65,0.001,65,1e-04,65,0.001,65,0.18,65,0.02,65,1,65,6.1,65,16.4,65,0.007,65
"11:50:00 08/12/2009",NA,NA,0.001,1,1e-04,1,0.001,1,70,1,320,1,0.001,1,8.6,1,7,1,0.004,1,0.25,1,0.001,1,1e-04,1,0.002,1,0.102,1,0.01,1,8,1,13.3,1,16,1,0.005,1
"11:50:00 16/12/2014",NA,NA,0.001,1,2e-04,1,0.001,1,75,1,243,1,0.001,1,9.1,1,7.4,1,0.003,1,0.28,1,0.001,1,1e-04,1,0.002,1,0.45,1,0.019,1,2,1,14.3,1,20,1,0.002,1
"11:50:00 21/04/2015",NA,NA,0.001,1,2e-04,1,0.001,1,NA,180,405,1,0.001,1,12,1,7.5,1,0.003,1,0.21,1,0.001,1,1e-04,1,0.001,1,0.17,1,0.013,1,2,1,10.9,1,9,1,0.001,1
"11:50:00 21/11/2012",NA,NA,0.001,1,2e-04,1,0.001,1,50,1,371,1,0.001,1,10.3,1,7.4,1,0.003,1,0.21,1,0.001,1,1e-04,1,0.002,1,0.005,1,0.014,1,2,1,10.7,1,14.5,1,0.002,1
"11:50:00 27/11/2013",NA,NA,0.001,1,2e-04,1,0.001,1,70,1,260,1,0.001,1,9.6,1,7.6,1,0.003,1,0.22,1,0.001,1,1e-04,1,0.002,1,0.23,1,0.017,1,2,1,14.3,1,17.5,1,0.003,1
"11:55:00 18/05/2010",NA,NA,0.001,1,1e-04,1,0.001,1,38,1,379.6,1,0.001,1,12,1,7.4,1,0.01,1,0.24,1,0.001,1,1e-04,1,0.002,1,0.073,1,0.036,1,1,1,8.6,1,8.5,1,0.002,1
"12:00:00 16/02/2011",NA,NA,0.001,1,2e-04,1,0.001,1,60,1,345,1,0.001,1,9,1,7.2,1,0.003,1,0.33,1,0.001,1,1e-04,1,0.002,1,0.18,1,0.029,1,4,1,13.4,1,19.5,1,0.002,1
"12:00:00 17/06/2014",NA,NA,0.001,1,2e-04,1,0.014,1,100,1,258,1,0.003,1,11.8,1,6.9,1,0.003,1,0.58,1,0.001,1,1e-04,1,0.009,1,0.51,1,0.071,1,50,1,110,1,11,1,0.006,1
"12:00:00 19/08/2009",NA,NA,0.001,1,1e-04,1,0.001,1,30,1,351,1,0.001,1,12.1,1,7.8,1,0.016,1,0.07,1,0.001,1,1e-04,1,0.002,1,0.267,1,0.017,1,1,1,8.5,1,7.7,1,0.002,1
"12:00:00 21/07/2015",NA,NA,0.001,1,2e-04,1,0.001,1,40,1,306,1,0.001,1,12.1,1,7.3,1,0.006,1,0.18,1,0.001,1,1e-04,1,0.001,1,0.51,1,0.013,1,2,1,14.1,1,5,1,0.001,1
"12:00:00 21/09/2011",NA,NA,0.001,1,2e-04,1,0.006,1,80,1,290,1,0.002,1,10.4,1,7.2,1,0.005,1,0.52,1,0.001,1,1e-04,1,0.005,1,0.52,1,0.056,1,11,1,42,1,12,1,0.009,1
"12:05:00 14/02/2006",NA,NA,0.001,65,2e-04,65,0.001,65,40,65,395,65,0.001,65,7.4,65,7,65,0.003,65,0.34,65,0.001,65,1e-04,65,0.001,65,0.08,65,0.02,65,2,65,9.8,65,16.6,65,0.008,65
"12:05:00 26/06/2007",NA,NA,0.001,65,2e-04,65,0.001,65,25,65,455,65,0.001,65,12.1,65,6.9,65,0.003,65,0.17,65,0.001,65,1e-04,65,0.002,65,0.45,65,0.01,65,2,65,9.5,65,5.6,65,0.002,65
"12:10:00 10/11/2009",NA,NA,0.001,1,1e-04,1,0.001,1,65,1,312.9,1,0.001,1,9,1,7.2,1,0.005,1,0.27,1,0.001,1,1e-04,1,0.002,1,0.214,1,0.037,1,5,1,17,1,19.5,1,0.007,1
"12:10:00 19/08/2014",NA,NA,0.001,1,2e-04,1,0.012,1,140,1,265,1,0.003,1,11.4,1,7.1,1,0.004,1,0.7,1,0.001,1,1e-04,1,0.007,1,0.54,1,0.053,1,18,1,55,1,9.5,1,0.005,1
"12:10:00 21/05/2015",NA,NA,0.001,1,2e-04,1,0.001,1,30,1,371,1,0.001,1,11.6,1,7.4,1,0.004,1,0.2,1,0.001,1,1e-04,1,0.001,1,0.26,1,0.015,1,2,1,9,1,10,1,0.008,1
"12:10:01 21/05/2015",NA,NA,0.001,1,2e-04,1,0.001,1,2,1,NA,NA,0.001,1,NA,NA,NA,NA,0.003,1,0.01,1,0.001,1,1e-04,1,0.001,1,0.003,1,0.005,1,2,1,NA,NA,NA,NA,0.001,1
"12:10:02 21/05/2015",NA,NA,0.001,1,2e-04,1,0.001,1,35,1,NA,NA,0.001,1,NA,NA,NA,NA,0.004,1,0.17,1,0.001,1,1e-04,1,0.001,1,0.25,1,0.015,1,2,1,NA,NA,NA,NA,0.003,1
"12:15:00 12/07/2005",NA,NA,0.001,65,2e-04,65,0.001,65,45,65,385,65,0.001,65,11.4,65,7,65,0.003,65,0.24,65,0.001,65,1e-04,65,0.001,65,0.62,65,0.01,65,2,65,13,65,NA,NA,0.006,65
"12:15:00 23/08/2004",NA,NA,0.001,65,2e-04,65,0.002,65,35,65,340,65,0.003,65,11.5,65,6.9,65,0.003,65,0.27,65,0.001,65,1e-04,65,0.002,65,0.37,65,0.01,65,4,65,13,65,9.3,65,0.007,65
"12:17:00 24/10/2006",NA,NA,0.001,65,2e-04,65,0.001,65,25,65,NA,NA,0.002,65,10.1,65,7,65,0.003,65,0.3,65,0.001,65,1e-04,65,0.002,65,0.18,65,0.02,65,1,65,5.2,65,14.2,65,0.01,65
"12:20:00 09/05/2006",NA,NA,0.001,65,2e-04,65,0.001,65,50,65,452,65,0.002,65,12,65,7.1,65,0.003,65,0.3,65,0.001,65,1e-04,65,0.003,65,0.27,65,0.01,65,4,65,15,65,10.6,65,0.006,65
"12:20:00 11/10/2005",NA,NA,0.001,65,2e-04,65,0.002,65,60,65,299,65,0.002,65,11.3,65,7.7,65,0.003,65,0.26,65,0.001,65,1e-04,65,0.003,65,0.19,65,0.01,65,2,65,14,65,NA,NA,0.007,65
"12:20:00 12/12/2012",NA,NA,0.001,1,2e-04,1,0.001,1,60,1,402,1,0.001,1,9.4,1,7.5,1,0.003,1,0.27,1,0.001,1,1e-04,1,0.002,1,0.19,1,0.016,1,2,1,8.9,1,21.5,1,0.002,1
"12:20:00 18/07/2013",NA,NA,0.001,1,2e-04,1,0.001,1,32,1,342,1,0.001,1,11.6,1,7.2,1,0.008,1,0.14,1,0.001,1,1e-04,1,0.001,1,0.35,1,0.011,1,2,1,8.9,1,9,1,0.006,1
"12:25:00 28/04/2008",NA,NA,0.001,65,2e-04,65,0.001,65,30,65,379,65,0.001,65,10.5,65,7.6,65,0.003,65,0.37,65,0.001,65,1e-04,65,0.002,65,0.14,65,0.01,65,2,65,7.3,65,9.5,65,0.005,65
"12:25:00 28/06/2004",NA,NA,0.001,65,2e-04,65,0.002,65,50,65,360,65,0.003,65,12.2,65,7.5,65,0.003,65,0.35,65,0.001,65,1e-04,65,0.004,65,0.44,65,0.02,65,6,65,18,65,7.9,65,0.003,65
"12:30:00 20/09/2004",NA,NA,0.001,65,2e-04,65,0.002,65,45,65,270,65,0.003,65,11.1,65,6.9,65,0.003,65,0.29,65,0.001,65,1e-04,65,0.003,65,0.49,65,0.01,65,3,65,11,65,11,65,0.003,65
"12:30:00 21/05/2014",NA,NA,0.001,1,2e-04,1,0.002,1,50,1,352,1,0.001,1,10.4,1,7.5,1,0.003,1,0.21,1,0.001,1,1e-04,1,0.002,1,0.17,1,0.014,1,2,1,9.9,1,12.5,1,0.002,1
"12:30:00 25/02/2014",NA,NA,0.001,1,2e-04,1,0.001,1,50,1,395,1,0.001,1,8.6,1,7.4,1,0.003,1,0.26,1,0.001,1,1e-04,1,0.002,1,0.073,1,0.014,1,4,1,10.2,1,19,1,0.005,1
"12:40:00 10/10/2007",NA,NA,0.001,65,2e-04,65,0.001,65,30,65,313,65,0.004,65,10.2,65,7.2,65,0.003,65,0.18,65,0.001,65,1e-04,65,0.002,65,0.16,65,0.01,65,2,65,5.9,65,12.3,65,0.004,65
"12:40:00 17/05/2016",NA,NA,0.001,1,2e-04,1,0.001,1,32,1,430,1,0.001,1,10.3,1,7.3,1,0.013,1,0.13,1,0.001,1,1e-04,1,0.001,1,0.24,1,0.007,1,NA,NA,6.6,1,12,1,0.005,1
"12:40:00 28/09/2016",NA,NA,0.001,1,2e-04,1,0.002,1,56,1,284,1,0.001,1,11.4,1,7.4,1,0.008,1,0.21,1,0.001,1,1e-04,1,0.003,1,0.28,1,0.016,1,NA,NA,16.4,1,11,1,0.003,1
"12:45:00 18/09/2008",NA,NA,0.001,65,2e-04,65,0.001,65,30,65,346,65,0.001,65,12.3,65,7.5,65,0.007,65,0.21,65,0.001,65,1e-04,65,0.002,65,0.34,65,0.01,65,2,65,9.2,65,9,65,0.002,65
"12:50:00 17/08/2011",NA,NA,0.001,1,2e-04,1,0.003,1,50,1,210,1,0.002,1,11.3,1,7.1,1,0.004,1,0.32,1,0.001,1,1e-04,1,0.003,1,1,1,0.019,1,6,1,25,1,9.5,1,0.008,1
"12:50:00 27/10/2015",NA,NA,0.001,1,2e-04,1,0.001,1,36,1,344,1,0.001,1,10.9,1,7.3,1,0.003,1,0.23,1,0.001,1,1e-04,1,0.002,1,0.25,1,0.016,1,2,1,9,1,16,1,0.003,1
"13:00:00 17/05/2004",NA,NA,0.001,65,2e-04,65,0.001,65,25,65,410,65,0.001,65,11.3,65,7.5,65,0.003,65,0.3,65,0.001,65,1e-04,65,0.002,65,0.28,65,0.01,65,4,65,5.5,65,9.6,65,0.006,65
"13:00:00 20/01/2016",NA,NA,0.001,1,2e-04,1,0.001,1,36,1,386,1,0.001,1,8.5,1,7.5,1,0.009,1,0.26,1,0.001,1,1e-04,1,0.002,1,0.087,1,0.015,1,2,1,6.2,1,20.5,1,0.003,1
"13:05:00 29/07/2003",0.002,65,0.001,65,2e-04,65,0.001,65,30,65,630,65,0.002,65,12.1,65,7.3,65,0.003,65,0.34,65,0.001,65,1e-04,65,0.007,65,0.98,65,0.01,65,3,65,NA,NA,6.5,65,0.002,65
"13:10:00 16/02/2016",NA,NA,0.001,1,2e-04,1,0.001,1,40,1,372,1,0.001,1,9.1,1,7.4,1,0.003,1,0.29,1,0.001,1,1e-04,1,0.002,1,0.13,1,0.018,1,4,1,8.6,1,17.5,1,0.001,1
"13:10:00 19/04/2004",NA,NA,0.001,65,2e-04,65,0.001,65,25,65,430,65,0.003,65,9.7,65,6.7,65,0.004,65,0.27,65,0.001,65,2e-04,65,0.003,65,0.16,65,0.01,65,10,65,9.2,65,13.3,65,0.01,65
"13:10:00 22/03/2016",NA,NA,0.001,1,2e-04,1,0.001,1,50,1,358,1,0.001,1,9.2,1,7.2,1,0.004,1,0.25,1,0.001,1,1e-04,1,0.002,1,0.22,1,0.024,1,NA,NA,18.2,1,16.3,1,0.001,1
"13:15:00 10/07/2007",NA,NA,0.001,65,2e-04,65,0.003,65,40,65,251,65,0.003,65,11.2,65,6.8,65,0.003,65,0.6,65,0.001,65,1e-04,65,0.004,65,1.1,65,0.02,65,6,65,19.4,65,9.1,65,0.006,65
"13:15:00 21/01/2013",NA,NA,0.001,1,2e-04,1,0.001,1,44,1,475,1,0.001,1,8.9,1,7.2,1,0.003,1,0.33,1,0.001,1,1e-04,1,0.002,1,0.045,1,0.02,1,2,1,6.8,1,25,1,0.003,1
"13:25:00 26/07/2004",NA,NA,NA,NA,NA,NA,NA,NA,NA,NA,330,65,NA,NA,11.8,65,6.6,65,NA,NA,NA,NA,NA,NA,NA,NA,NA,NA,NA,NA,NA,NA,NA,NA,7.4,65,8,65,NA,NA
"13:30:00 11/04/2007",NA,NA,0.002,65,2e-04,65,0.002,65,35,65,438,65,0.002,65,9.2,65,7.1,65,0.009,65,0.19,65,0.002,65,1e-04,65,0.002,65,0.13,65,0.01,65,5,65,11.2,65,13.5,65,0.004,65
"13:30:00 12/11/2008",NA,NA,0.001,65,2e-04,65,0.003,65,36,65,356,65,0.001,65,7.6,65,7.5,65,0.003,65,0.33,65,0.001,65,1e-04,65,0.002,65,0.13,65,0.02,65,4,65,8.4,65,19,65,0.001,65
"13:30:00 16/09/2014",NA,NA,0.001,1,2e-04,1,0.002,1,40,1,300,1,0.001,1,11.5,1,7.4,1,0.003,1,0.7,1,0.001,1,1e-04,1,0.002,1,0.25,1,0.022,1,6,1,10.7,1,11,1,0.004,1
"13:30:00 26/04/2006",NA,NA,0.001,65,2e-04,65,0.001,65,35,65,408,65,0.002,65,10.8,65,7.2,65,0.004,65,0.26,65,0.001,65,1e-04,65,0.002,65,0.2,65,0.01,65,1,65,3.9,65,12,65,0.004,65
"13:45:00 25/09/2013",NA,NA,0.001,1,2e-04,1,0.001,1,50,1,302,1,0.001,1,10.1,1,7.6,1,0.003,1,0.22,1,0.001,1,1e-04,1,0.002,1,0.3,1,0.018,1,2,1,13.3,1,14.5,1,0.002,1
"13:50:00 18/10/2004",NA,NA,0.001,65,2e-04,65,0.004,65,60,65,310,65,0.003,65,10.4,65,6.6,65,0.003,65,0.34,65,0.001,65,1e-04,65,0.004,65,0.38,65,0.01,65,8,65,22,65,12.2,65,0.004,65
"14:00:00 15/04/2014",NA,NA,0.001,1,2e-04,1,0.001,1,50,1,405,1,0.001,1,10.2,1,7.6,1,0.003,1,0.27,1,0.001,1,1e-04,1,0.001,1,0.2,1,0.023,1,2,1,8.7,1,14,1,0.001,1
"14:00:00 15/06/2011",NA,NA,0.001,1,2e-04,1,0.001,1,45,1,305,1,0.001,1,10.9,1,7.5,1,0.003,1,0.18,1,0.001,1,1e-04,1,0.001,1,0.45,1,0.013,1,3,1,16.5,1,9,1,0.002,1
"14:00:00 17/10/2012",NA,NA,0.001,1,2e-04,1,0.008,1,88,1,290,1,0.003,1,11.2,1,7.4,1,0.003,1,0.7,1,0.001,1,1e-04,1,0.007,1,0.37,1,0.077,1,28,1,65,1,13,1,0.009,1
"14:00:00 18/06/2013",NA,NA,NA,NA,NA,NA,NA,NA,160,1,218,1,NA,NA,11,1,7.2,1,0.003,1,0.71,1,NA,NA,NA,NA,NA,NA,1.1,1,0.035,1,14,1,36,1,10,1,NA,NA
"14:00:00 20/06/2012",NA,NA,0.001,1,2e-04,1,0.002,1,45,1,248,1,0.001,1,12,1,7.1,1,0.003,1,0.26,1,0.001,1,1e-04,1,0.003,1,0.76,1,0.015,1,2,1,14.3,1,7,1,0.006,1
"14:00:00 23/09/2015",NA,NA,0.001,1,2e-04,1,0.003,1,40,1,293,1,0.001,1,12.2,1,7.3,1,0.007,1,0.31,1,0.001,1,1e-04,1,0.003,1,0.27,1,0.025,1,4,1,17.9,1,9.5,1,0.003,1
"14:15:00 15/05/2007",NA,NA,0.001,65,2e-04,65,0.001,65,30,65,426,65,0.001,65,9.7,65,7.3,65,0.003,65,0.04,65,0.001,65,1e-04,65,0.001,65,0.22,65,0.03,65,3,65,4.6,65,11.5,65,0.003,65
"14:30:00 20/10/2003",NA,NA,0.003,65,2e-04,65,0.003,65,70,65,320,65,0.004,65,10.5,65,6.8,65,0.003,65,0.43,65,0.001,65,1e-04,65,0.002,65,0.2,65,0.03,65,10,65,NA,NA,14,65,0.003,65
"14:35:00 22/08/2018",NA,NA,0.001,1,2e-04,1,0.003,1,35,1,366,1,0.002,1,11.3,1,7.4,1,0.003,1,0.25,1,0.001,1,1e-04,1,0.003,1,0.62,1,0.019,1,2,1,15,1,9,1,0.003,1
"15:15:00 09/12/2008",NA,NA,0.001,65,2e-04,65,0.001,65,35,65,330,65,0.001,65,9.1,65,7.5,65,0.003,65,0.28,65,0.001,65,1e-04,65,0.002,65,0.13,65,0.02,65,4,65,7.8,65,15.5,65,0.002,65
"15:20:00 18/10/2016",NA,NA,0.001,1,2e-04,1,0.002,1,50,1,310,1,0.001,1,9.4,1,7.2,1,0.003,1,0.27,1,0.001,1,1e-04,1,0.002,1,0.19,1,0.022,1,NA,NA,14.8,1,12,1,0.001,1
"15:30:00 13/03/2007",NA,NA,0.001,65,2e-04,65,0.001,65,40,65,531,65,0.001,65,8,65,7.1,65,NA,NA,0.2,65,0.001,65,1e-04,65,0.002,65,0.2,65,0.02,65,3,65,12.7,65,16,65,0.003,65
"15:30:00 18/03/2009",NA,NA,0.001,65,2e-04,65,0.001,65,70,65,417,65,0.001,65,8.8,65,7.2,65,0.003,65,0.44,65,0.001,65,1e-04,65,0.003,65,0.13,65,0.03,65,4,65,13.8,65,16,65,0.002,65
"15:50:00 19/10/2010",NA,NA,0.001,1,2e-04,1,0.003,1,70,1,240,1,0.001,1,9.8,1,7.4,1,0.003,1,0.39,1,0.001,1,1e-04,1,0.003,1,0.54,1,0.033,1,8,1,24,1,12,1,0.003,1
"16:10:00 16/03/2011",NA,NA,0.001,1,2e-04,1,0.001,1,64,1,360,1,0.001,1,8.8,1,7.3,1,0.003,1,0.4,1,0.001,1,1e-04,1,0.002,1,0.17,1,0.028,1,7,1,16.6,1,17.5,1,0.003,1
"16:20:00 20/07/2010",NA,NA,0.001,1,2e-04,1,0.001,1,35,1,345,1,0.001,1,12.5,1,7.1,1,0.003,1,0.21,1,0.001,1,1e-04,1,0.002,1,0.32,1,0.009,1,3,1,10.1,1,6.5,1,0.005,1
